DateTime,Hydro Pumped Storage,Hydro Run-of-river and poundage,Hydro Water Reservoir,Nuclear,Solar,Wind Onshore
2026-01-01 00:00:00,216.85,681.400024,349.08,1964.92,0.095261,8.22827
2026-01-01 01:00:00,214.95,681.5,358.0,1964.92,0.040243,2.791026
2026-01-01 02:00:00,219.45,682.200012,348.9,1964.85,0,0.953883
2026-01-01 03:00:00,220.8,683.599975,315.35,1964.25,0,1.180615
2026-01-01 04:00:00,216.68,685.599975,379.62,1962.85,0,1.819647
2026-01-01 05:00:00,199.8,688.5,265.35,1962.58,0,1.693879
2026-01-01 06:00:00,213.5,692.099975,297.68,1962.9,0,1.994592
2026-01-01 07:00:00,215.75,696.700012,350.58,1963.65,25.154195,7.05963
2026-01-01 08:00:00,201.3,702.200012,375.28,1964.05,222.720794,13.131772
2026-01-01 09:00:00,66.78,708.599975,265.58,1963.78,544.712158,32.626838
2026-01-01 10:00:00,32.18,716.200012,145.6,1964.62,825.289916,36.139442
2026-01-01 11:00:00,30.22,724.799987,134.25,1963.48,931.8031,38.739868
2026-01-01 12:00:00,28.78,734.599975,175.32,1958.45,833.89624,41.275478
2026-01-01 13:00:00,30.58,745.400024,166.8,1961.85,597.862609,49.172382
2026-01-01 14:00:00,33.18,757.200012,277.92,1961.42,289.87265,39.706325
2026-01-01 15:00:00,46.52,769.799987,367.05,1960.15,53.783111,43.86671
2026-01-01 16:00:00,240.52,783.200012,518.3,1959.3,2.452643,52.786888
2026-01-01 17:00:00,286.32,797.099975,487.32,1959.45,2.298214,59.759941
2026-01-01 18:00:00,179.35,811.599975,486.92,1960.22,1.548711,68.356216
2026-01-01 19:00:00,185.28,826.5,423.6,1960.05,0.984859,57.047191
2026-01-01 20:00:00,107.05,841.599975,288.2,1960.02,0.737568,63.337284
2026-01-01 21:00:00,76.32,857.0,291.3,1960.25,0.504951,66.150749
2026-01-01 22:00:00,81.35,872.400024,346.82,1961.18,0.360416,61.84671
2026-01-01 23:00:00,21.08,677.900024,293.5,1960.6,0.214542,60.26456
2026-01-02 00:00:00,19.15,674.299987,263.65,1961.68,0.141091,54.716793
2026-01-02 01:00:00,24.12,671.200012,225.22,1961.75,0.054311,50.553924
2026-01-02 02:00:00,26.18,668.599975,125.62,1961.38,0.016651,56.326965
2026-01-02 03:00:00,17.4,666.599975,142.35,1961.12,0,54.030441
2026-01-02 04:00:00,25.1,665.099975,162.82,1960.18,0,52.606353
2026-01-02 05:00:00,58.78,664.400024,293.32,1959.12,0,52.556392
2026-01-02 06:00:00,325.28,664.5,394.98,1958.12,0,48.765804
2026-01-02 07:00:00,298.22,665.400024,546.6,1958.7,18.455219,42.125595
2026-01-02 08:00:00,211.4,667.200012,567.38,1960.4,125.940841,42.731746
2026-01-02 09:00:00,52.2,670.0,381.4,1961.95,288.418548,46.124927
2026-01-02 10:00:00,47.22,673.900024,363.08,1962.6,415.57962,38.426631
2026-01-02 11:00:00,46.75,679.0,296.18,1961.05,512.471984,38.345298
2026-01-02 12:00:00,55.88,685.200012,289.95,1960.6,427.325378,35.601715
2026-01-02 13:00:00,53.2,692.5,472.5,1961.12,236.665756,29.976716
2026-01-02 14:00:00,60.9,700.900024,418.98,1960.45,113.729583,23.438888
2026-01-02 15:00:00,408.7,710.099975,570.02,1960.9,16.594253,20.230571
2026-01-02 16:00:00,840.18,720.200012,606.92,1960.58,0.662455,20.660213
2026-01-02 17:00:00,872.65,731.0,615.65,1960.45,0.60372,24.049383
2026-01-02 18:00:00,881.2,742.299987,640.4,1960.18,0.262455,22.301908
2026-01-02 19:00:00,604.02,754.200012,505.08,1959.15,0.082686,20.495735
2026-01-02 20:00:00,353.22,766.400024,458.88,1960.55,0.019179,21.086019
2026-01-02 21:00:00,316.52,778.900024,295.05,1961.62,0,18.118785
2026-01-02 22:00:00,143.05,791.700012,308.02,1961.85,0,12.156395
2026-01-02 23:00:00,25.68,662.0,237.28,1962.18,0,10.267202
2026-01-03 00:00:00,27.98,660.900024,155.4,1963.05,0,10.190864
2026-01-03 01:00:00,26.12,660.099975,122.92,1963.95,0,10.097182
2026-01-03 02:00:00,24.92,659.700012,103.2,1963.18,0,9.594326
2026-01-03 03:00:00,15.78,659.700012,191.0,1963.72,0,7.794568
2026-01-03 04:00:00,24.52,660.200012,199.45,1962.8,0,7.49894
2026-01-03 05:00:00,28.42,661.099975,321.2,1962.6,0,6.354416
2026-01-03 06:00:00,34.52,662.5,332.02,1962.68,0,5.261164
2026-01-03 07:00:00,118.48,664.400024,335.92,1963.1,3.32889,6.803623
2026-01-03 08:00:00,160.25,666.900024,381.85,1963.0,39.159149,9.934199
2026-01-03 09:00:00,107.65,669.900024,432.32,1963.82,116.39344,11.207367
2026-01-03 10:00:00,34.05,673.599975,302.52,1963.75,226.297592,12.787962
2026-01-03 11:00:00,30.88,678.0,335.92,1963.35,305.067596,12.010433
2026-01-03 12:00:00,30.6,683.0,164.8,1963.85,330.303466,17.106527
2026-01-03 13:00:00,37.35,688.599975,193.62,1963.58,268.321319,21.246604
2026-01-03 14:00:00,133.98,694.900024,313.78,1963.5,137.255691,22.022958
2026-01-03 15:00:00,183.92,701.599975,456.88,1962.32,21.852163,32.137077
2026-01-03 16:00:00,583.8,708.900024,661.58,1960.92,0.418677,27.318477
2026-01-03 17:00:00,713.55,716.5,667.12,1962.25,0.439124,23.31796
2026-01-03 18:00:00,913.6,724.599975,682.78,1962.1,0.130397,19.680587
2026-01-03 19:00:00,793.02,732.900024,574.52,1962.55,0,17.19807
2026-01-03 20:00:00,204.42,741.5,314.82,1963.55,0,16.36337
2026-01-03 21:00:00,89.15,750.299987,316.25,1964.35,0,11.629564
2026-01-03 22:00:00,58.98,759.299987,255.9,1964.4,0,9.011783
2026-01-03 23:00:00,30.05,655.099975,407.0,1964.05,0,9.717539
2026-01-04 00:00:00,47.55,653.599975,287.75,1964.7,0,8.588013
2026-01-04 01:00:00,30.68,652.5,236.8,1964.82,0,8.686757
2026-01-04 02:00:00,29.35,651.900024,204.42,1965.02,0,4.995812
2026-01-04 03:00:00,31.95,651.700012,198.08,1965.3,0,2.256587
2026-01-04 04:00:00,36.88,652.0,296.28,1964.82,0,1.047289
2026-01-04 05:00:00,39.68,652.900024,414.45,1963.52,0,0
2026-01-04 06:00:00,43.58,654.400024,497.08,1964.48,0,0.245949
2026-01-04 07:00:00,61.22,656.599975,595.22,1964.38,9.386973,1.649997
2026-01-04 08:00:00,197.78,659.5,571.88,1964.88,97.603561,4.670683
2026-01-04 09:00:00,248.0,663.200012,509.18,1965.08,242.7686,5.613315
2026-01-04 10:00:00,125.28,667.700012,451.95,1965.78,383.618652,3.488271
2026-01-04 11:00:00,47.62,673.099975,727.8,1964.52,458.369934,1.607363
2026-01-04 12:00:00,34.3,679.400024,528.18,1964.65,446.013885,0.304775
2026-01-04 13:00:00,36.88,686.599975,435.75,1963.4,340.675292,0.490929
2026-01-04 14:00:00,40.45,694.5,571.28,1963.28,164.943115,1.543116
2026-01-04 15:00:00,140.92,703.200012,893.0,1962.18,26.368747,2.440637
2026-01-04 16:00:00,1139.0,712.400024,1692.6,1961.98,1.032234,3.478578
2026-01-04 17:00:00,1411.12,722.200012,2276.1,1962.18,1.005449,3.899087
2026-01-04 18:00:00,1203.98,732.400024,2052.38,1962.2,0.455202,3.560396
2026-01-04 19:00:00,863.0,743.0,1702.08,1963.65,0.222245,3.657543
2026-01-04 20:00:00,379.2,753.900024,839.35,1963.85,0.050942,5.49161
2026-01-04 21:00:00,256.98,765.0,620.58,1965.3,0,6.809438
2026-01-04 22:00:00,142.7,776.299987,503.0,1965.55,0,6.943424
2026-01-04 23:00:00,50.15,840.599975,417.58,1965.32,0,4.94233
2026-01-05 00:00:00,38.1,854.299987,340.18,1965.7,0,3.512263
2026-01-05 01:00:00,26.6,867.799987,322.22,1965.95,0,2.11794
2026-01-05 02:00:00,23.65,880.900024,327.45,1965.32,0,1.338088
2026-01-05 03:00:00,27.85,893.599975,300.08,1964.88,0,1.011501
2026-01-05 04:00:00,72.42,905.700012,523.82,1964.0,0,0.334904
2026-01-05 05:00:00,392.35,917.200012,1213.02,1963.25,0,0.001784
2026-01-05 06:00:00,2052.88,927.900024,2708.58,1963.28,0,1.357421
2026-01-05 07:00:00,3722.9,937.799987,3155.4,1961.78,5.368469,2.461735
2026-01-05 08:00:00,3934.5,946.700012,3252.65,1961.45,59.034729,3.057749
2026-01-05 09:00:00,3911.85,954.5,3188.08,1962.65,164.581817,2.804564
2026-01-05 10:00:00,3911.32,961.200012,3064.2,1963.2,296.212097,2.377162
2026-01-05 11:00:00,3359.0,966.700012,2691.78,1963.28,399.361175,2.801064
2026-01-05 12:00:00,3231.25,970.799987,2228.75,1963.5,419.393585,3.784274
2026-01-05 13:00:00,3265.82,973.599975,2322.95,1962.8,330.097015,5.267312
2026-01-05 14:00:00,3997.72,975.200012,2922.15,1962.32,167.133605,7.277693
2026-01-05 15:00:00,4334.82,975.700012,3271.3,1960.92,27.764455,8.802595
2026-01-05 16:00:00,4408.2,975.099975,3623.28,1961.2,0.524748,10.906619
2026-01-05 17:00:00,4487.9,973.599975,3674.88,1961.55,0.691136,7.150083
2026-01-05 18:00:00,4338.68,971.099975,3490.7,1962.48,0.340039,8.150838
2026-01-05 19:00:00,4091.4,967.799987,3304.48,1963.0,0.058778,8.195738
2026-01-05 20:00:00,3237.88,963.799987,2601.62,1964.22,0,9.064353
2026-01-05 21:00:00,2252.95,959.200012,2211.0,1964.32,0,9.581616
2026-01-05 22:00:00,1178.22,953.900024,1704.58,1965.42,0,10.527476
2026-01-05 23:00:00,420.65,1169.900024,962.05,1964.4,0,8.9788
2026-01-06 00:00:00,294.22,1176.099975,768.4,1964.5,0,7.662027
2026-01-06 01:00:00,306.88,1181.300048,673.62,1964.1,0,7.232197
2026-01-06 02:00:00,298.9,1185.400024,641.32,1964.0,0,8.016233
2026-01-06 03:00:00,338.3,1188.5,913.02,1963.7,0,7.096874
2026-01-06 04:00:00,872.88,1190.400024,1494.72,1962.75,0,6.854874
2026-01-06 05:00:00,1988.08,1191.199951,1816.58,1962.22,0,7.504406
2026-01-06 06:00:00,3728.62,1190.699951,2894.02,1960.6,0,6.31708
2026-01-06 07:00:00,4231.12,1189.0,3328.2,1961.28,11.252673,8.389969
2026-01-06 08:00:00,4184.62,1186.0,3058.32,1961.55,92.550819,8.874024
2026-01-06 09:00:00,4078.32,1181.699951,3256.35,1960.75,203.270675,7.781696
2026-01-06 10:00:00,3827.72,1176.0,2803.38,1960.22,300.962371,8.193121
2026-01-06 11:00:00,3742.08,1168.800048,2599.5,1960.82,346.636383,9.464963
2026-01-06 12:00:00,3463.58,1160.199951,2403.95,1961.0,317.015045,10.83098
2026-01-06 13:00:00,3035.2,1150.300048,2508.52,1961.12,227.035232,12.714044
2026-01-06 14:00:00,3507.02,1139.099975,2719.22,1961.38,100.073783,15.519738
2026-01-06 15:00:00,3968.08,1126.699951,3089.65,1961.42,16.983745,17.454137
2026-01-06 16:00:00,4048.52,1113.400024,3176.72,1961.6,0.143115,15.721246
2026-01-06 17:00:00,3931.75,1099.099975,3259.58,1962.0,0.313413,15.529904
2026-01-06 18:00:00,3701.55,1084.0,2996.42,1961.92,0.1047,11.328984
2026-01-06 19:00:00,1388.52,1068.300048,2395.38,1963.18,0,5.344308
2026-01-06 20:00:00,421.6,1051.900024,978.62,1962.9,0,4.540552
2026-01-06 21:00:00,312.88,1035.199951,749.65,1963.95,0,5.372757
2026-01-06 22:00:00,284.55,1018.0,577.8,1963.5,0,4.228165
2026-01-06 23:00:00,132.42,1099.5,926.28,1964.02,0,1.389025
2026-01-07 00:00:00,76.6,1090.199951,557.72,1963.82,0,2.210358
2026-01-07 01:00:00,40.62,1080.5,486.12,1962.68,0,2.174238
2026-01-07 02:00:00,37.28,1070.599975,503.35,1963.6,0,0.566193
2026-01-07 03:00:00,53.02,1060.5,598.45,1963.0,0,1.418374
2026-01-07 04:00:00,95.3,1050.099975,771.98,1962.22,0,1.325151
2026-01-07 05:00:00,685.15,1039.5,1808.42,1960.75,0,1.229473
2026-01-07 06:00:00,2143.75,1028.800048,2604.9,1961.18,0,4.06328
2026-01-07 07:00:00,2795.42,1018.0,2805.48,1960.3,8.012048,3.756472
2026-01-07 08:00:00,3041.55,1007.099975,2975.55,1962.0,83.692054,4.93579
2026-01-07 09:00:00,1715.65,996.099975,2574.25,1962.32,217.900695,6.981903
2026-01-07 10:00:00,1241.05,985.099975,2322.1,1963.18,369.307769,8.797095
2026-01-07 11:00:00,1047.05,974.200012,2013.45,1963.48,478.319732,9.548069
2026-01-07 12:00:00,1171.28,963.200012,2084.52,1963.5,468.540344,8.046589
2026-01-07 13:00:00,1400.58,952.400024,2372.18,1963.68,322.524688,12.380827
2026-01-07 14:00:00,1988.95,941.599975,2604.4,1960.62,134.889236,32.412952
2026-01-07 15:00:00,2009.2,930.900024,3051.55,1961.25,17.335741,38.429367
2026-01-07 16:00:00,2117.05,920.299987,3059.22,1962.92,0.727516,44.149597
2026-01-07 17:00:00,2051.8,909.900024,3121.95,1962.5,0.737645,41.167659
2026-01-07 18:00:00,2085.72,899.599975,2981.45,1963.9,0.358589,38.516784
2026-01-07 19:00:00,1723.52,889.5,2681.92,1964.5,0.123892,30.18675
2026-01-07 20:00:00,1014.35,879.5,2226.72,1964.3,0.000949,24.144876
2026-01-07 21:00:00,829.32,869.799987,1395.28,1965.2,0,14.895326
2026-01-07 22:00:00,494.25,860.299987,822.58,1965.6,0,13.098963
2026-01-07 23:00:00,261.58,1002.599975,540.58,1963.75,0,15.456199
2026-01-08 00:00:00,269.48,1003.599975,472.08,1963.58,0,20.977794
2026-01-08 01:00:00,64.9,1004.400024,424.1,1964.4,0,23.764493
2026-01-08 02:00:00,50.22,1004.900024,362.02,1964.85,0,25.275302
2026-01-08 03:00:00,96.38,1005.099975,318.05,1964.22,0,31.286336
2026-01-08 04:00:00,114.02,1004.799987,715.4,1963.12,0,35.867355
2026-01-08 05:00:00,703.22,1004.099975,1659.75,1961.42,0,36.037094
2026-01-08 06:00:00,1788.58,1002.799987,2520.38,1961.5,0,35.720794
2026-01-08 07:00:00,3457.72,1000.799987,2874.05,1964.05,3.20471,40.335334
2026-01-08 08:00:00,3502.0,998.099975,2525.6,1962.48,20.092855,37.797843
2026-01-08 09:00:00,3431.5,994.599975,3016.95,1958.9,42.428443,26.26786
2026-01-08 10:00:00,3294.4,990.200012,3081.7,1959.42,62.439144,24.614049
2026-01-08 11:00:00,3078.7,984.799987,2979.12,1959.48,76.904701,24.982418
2026-01-08 12:00:00,2867.88,978.400024,2836.82,1955.38,93.243217,42.812995
2026-01-08 13:00:00,1848.25,971.0,2461.98,1959.15,81.075599,51.562335
2026-01-08 14:00:00,3502.62,962.700012,3172.6,1958.35,38.635852,45.917667
2026-01-08 15:00:00,3668.75,953.599975,3157.02,1958.65,4.876257,54.683956
2026-01-08 16:00:00,3115.58,943.799987,3130.75,1958.98,0,63.872928
2026-01-08 17:00:00,2979.68,933.299987,2890.95,1959.62,0,68.979736
2026-01-08 18:00:00,2384.75,922.299987,2861.55,1958.68,0,69.194274
2026-01-08 19:00:00,2276.08,910.799987,2435.3,1958.48,0,63.836036
2026-01-08 20:00:00,887.22,898.900024,1921.1,1959.48,0,62.536273
2026-01-08 21:00:00,351.35,886.700012,1216.32,1960.35,0,65.240226
2026-01-08 22:00:00,303.12,874.200012,722.72,1961.4,0,66.494995
2026-01-08 23:00:00,84.4,1046.300048,579.25,1959.95,0,71.794425
2026-01-09 00:00:00,66.5,1044.300048,449.92,1958.45,0,72.665481
2026-01-09 01:00:00,60.62,1041.800048,309.82,1955.9,0,72.858474
2026-01-09 02:00:00,60.6,1038.800048,331.25,1953.48,0,71.968017
2026-01-09 03:00:00,63.6,1035.099975,361.85,1952.48,0,66.983016
2026-01-09 04:00:00,116.62,1031.0,813.78,1951.42,0,66.341476
2026-01-09 05:00:00,648.92,1026.099975,1573.18,1950.02,0,67.72866
2026-01-09 06:00:00,1343.02,1020.700012,2440.18,1949.2,0,65.437652
2026-01-09 07:00:00,1654.48,1014.599975,2748.0,1949.2,15.30188,59.242294
2026-01-09 08:00:00,1467.0,1007.900024,2589.25,1954.65,98.042007,59.369045
2026-01-09 09:00:00,1333.3,1000.400024,2646.7,1959.02,169.905609,62.001235
2026-01-09 10:00:00,1297.05,992.200012,2533.62,1956.18,225.953048,63.396484
2026-01-09 11:00:00,1050.32,983.299987,2178.52,1956.52,349.653961,63.539783
2026-01-09 12:00:00,955.28,973.599975,1975.15,1956.65,412.450592,66.737373
2026-01-09 13:00:00,1352.95,963.200012,2139.98,1956.88,325.565216,64.045562
2026-01-09 14:00:00,1335.88,952.200012,2129.08,1957.62,190.70787,63.207962
2026-01-09 15:00:00,1511.68,940.700012,2306.68,1959.2,37.502185,62.278129
2026-01-09 16:00:00,1991.25,928.599975,2662.38,1960.32,0.435102,57.429405
2026-01-09 17:00:00,1821.25,916.200012,2803.35,1960.15,0.42732,59.804248
2026-01-09 18:00:00,1844.8,903.400024,2932.18,1960.95,0.134007,61.277763
2026-01-09 19:00:00,798.75,890.400024,2378.88,1961.05,0,57.480663
2026-01-09 20:00:00,658.95,877.099975,1887.92,1961.75,0,54.675754
2026-01-09 21:00:00,299.5,863.799987,942.38,1963.68,0,50.361831
2026-01-09 22:00:00,167.95,850.299987,672.15,1963.75,0,45.211505
2026-01-09 23:00:00,128.18,914.700012,843.58,1964.78,0,51.2551
2026-01-10 00:00:00,125.42,905.799987,543.42,1965.52,0,53.640422
2026-01-10 01:00:00,67.4,896.799987,533.58,1964.8,0,53.69281
2026-01-10 02:00:00,47.52,887.900024,468.9,1964.62,0,58.289951
2026-01-10 03:00:00,52.4,878.900024,498.85,1964.12,0,63.005355
2026-01-10 04:00:00,57.68,869.900024,515.72,1962.75,0,55.640747
2026-01-10 05:00:00,267.7,861.0,948.45,1961.25,0,60.725124
2026-01-10 06:00:00,424.38,852.099975,1575.7,1962.6,0,65.419357
2026-01-10 07:00:00,757.35,843.400024,2156.32,1963.22,4.125526,61.71556
2026-01-10 08:00:00,693.65,834.700012,2423.95,1962.88,32.148387,60.327884
2026-01-10 09:00:00,512.2,826.200012,1642.25,1963.25,76.389442,60.226856
2026-01-10 10:00:00,435.9,817.900024,1310.1,1963.4,116.779014,55.450225
2026-01-10 11:00:00,383.82,809.799987,1103.15,1962.62,142.976791,57.806217
2026-01-10 12:00:00,179.5,802.0,918.95,1963.3,145.916168,57.940555
2026-01-10 13:00:00,107.68,794.299987,1013.52,1963.3,108.255264,62.613086
2026-01-10 14:00:00,304.52,787.0,1501.22,1963.25,48.524291,56.047576
2026-01-10 15:00:00,756.88,779.799987,2284.9,1963.35,8.04414,58.85456
2026-01-10 16:00:00,604.92,772.900024,2403.25,1963.25,0,54.31945
2026-01-10 17:00:00,540.65,766.299987,2581.48,1963.22,0,49.939155
2026-01-10 18:00:00,230.62,759.900024,1867.22,1963.02,0,57.701835
2026-01-10 19:00:00,116.08,753.799987,1155.8,1964.42,0,50.730548
2026-01-10 20:00:00,145.75,748.0,783.72,1965.38,0,37.16574
2026-01-10 21:00:00,82.42,742.400024,435.1,1966.25,0,27.017875
2026-01-10 22:00:00,86.25,737.099975,355.58,1966.42,0,24.652547
2026-01-10 23:00:00,36.12,710.799987,275.32,1965.92,0,22.861051
2026-01-11 00:00:00,20.98,703.200012,171.98,1965.42,0,23.044307
2026-01-11 01:00:00,23.05,696.0,171.12,1966.25,0,23.912672
2026-01-11 02:00:00,48.15,689.200012,155.35,1965.85,0,21.58621
2026-01-11 03:00:00,21.68,682.799987,204.8,1965.6,0,22.593784
2026-01-11 04:00:00,21.52,676.799987,155.1,1963.68,0,21.747537
2026-01-11 05:00:00,39.2,671.400024,223.25,1963.1,0,17.917507
2026-01-11 06:00:00,69.92,666.400024,318.52,1963.45,0,17.425584
2026-01-11 07:00:00,162.22,662.099975,431.82,1963.2,1.858229,11.519341
2026-01-11 08:00:00,120.35,658.299987,618.22,1964.42,17.878011,6.445265
2026-01-11 09:00:00,62.95,655.099975,343.0,1964.78,63.868366,7.380561
2026-01-11 10:00:00,42.25,652.599975,295.08,1964.8,137.474334,6.61287
2026-01-11 11:00:00,40.22,650.799987,329.42,1964.42,198.454544,8.324561
2026-01-11 12:00:00,39.9,649.700012,287.05,1964.68,210.3087,6.265857
2026-01-11 13:00:00,40.82,649.299987,274.55,1964.02,167.183532,3.892894
2026-01-11 14:00:00,47.38,649.5,670.02,1963.8,86.597229,1.385476
2026-01-11 15:00:00,256.4,650.200012,909.98,1963.08,15.1538,2.328987
2026-01-11 16:00:00,502.28,651.599975,1318.72,1961.8,0.082121,3.055545
2026-01-11 17:00:00,551.58,653.400024,1570.7,1961.68,0.13574,3.496088
2026-01-11 18:00:00,672.18,655.599975,1918.02,1961.72,0,5.018132
2026-01-11 19:00:00,504.38,658.299987,1524.4,1962.02,0,5.763043
2026-01-11 20:00:00,225.98,661.400024,895.65,1962.7,0,7.067635
2026-01-11 21:00:00,148.88,664.799987,611.95,1963.25,0,9.202594
2026-01-11 22:00:00,100.6,668.400024,344.45,1964.52,0,11.577077
2026-01-11 23:00:00,21.08,847.400024,429.5,1963.62,0,13.928088
2026-01-12 00:00:00,25.68,865.799987,253.3,1963.65,0,15.2194
2026-01-12 01:00:00,28.08,883.700012,214.45,1963.92,0,17.233871
2026-01-12 02:00:00,24.25,901.099975,245.98,1963.72,0,20.947813
2026-01-12 03:00:00,20.05,917.799987,304.78,1963.95,0,22.610548
2026-01-12 04:00:00,77.12,933.400024,886.75,1962.25,0,21.564609
2026-01-12 05:00:00,840.6,948.0,1986.9,1962.1,0,23.882499
2026-01-12 06:00:00,2185.78,961.200012,3154.72,1961.62,0,25.505121
2026-01-12 07:00:00,3097.08,973.0,3100.6,1960.98,6.934793,39.04317
2026-01-12 08:00:00,2948.75,983.099975,3125.9,1961.95,50.455249,67.323295
2026-01-12 09:00:00,2890.6,991.299987,3048.55,1961.18,123.178398,65.77758
2026-01-12 10:00:00,2323.95,997.5,2962.38,1960.92,205.006179,61.236412
2026-01-12 11:00:00,1481.45,1001.400024,2315.7,1962.1,256.871704,57.777606
2026-01-12 12:00:00,1798.4,1003.0,2572.08,1961.5,248.129302,49.37228
2026-01-12 13:00:00,2342.12,1002.400024,2747.18,1960.82,183.563766,45.902004
2026-01-12 14:00:00,2916.92,999.599975,3021.15,1960.75,89.48175,38.611576
2026-01-12 15:00:00,3187.98,994.900024,3148.65,1961.05,19.028244,32.500007
2026-01-12 16:00:00,3556.52,988.5,3216.28,1961.18,0,43.929393
2026-01-12 17:00:00,3721.85,980.299987,3250.38,1960.8,0.183244,43.378974
2026-01-12 18:00:00,2862.65,970.799987,3147.42,1961.32,0.012834,50.108673
2026-01-12 19:00:00,1968.6,959.799987,2598.12,1962.28,0,51.776912
2026-01-12 20:00:00,1283.88,947.700012,2266.48,1963.52,0,61.969299
2026-01-12 21:00:00,939.85,934.599975,1916.4,1964.6,0,64.308914
2026-01-12 22:00:00,324.38,920.700012,884.8,1965.38,0,56.765571
2026-01-12 23:00:00,176.48,1163.199951,561.52,1964.8,0,56.671993
2026-01-13 00:00:00,150.1,1165.099975,550.38,1965.92,0,52.351745
2026-01-13 01:00:00,132.05,1165.800048,539.4,1965.7,0,45.216274
2026-01-13 02:00:00,145.62,1165.400024,500.12,1966.72,0,45.335403
2026-01-13 03:00:00,130.12,1163.699951,731.68,1964.5,0,39.851455
2026-01-13 04:00:00,435.78,1160.900024,1101.98,1962.92,0,27.99686
2026-01-13 05:00:00,1188.42,1156.800048,2148.78,1961.12,0,21.779865
2026-01-13 06:00:00,2456.95,1151.599975,2703.12,1959.28,0,25.950078
2026-01-13 07:00:00,3102.12,1145.0,2852.2,1960.92,14.463938,40.22792
2026-01-13 08:00:00,2387.78,1137.199951,2711.28,1963.4,101.756927,48.618003
2026-01-13 09:00:00,2435.98,1128.199951,2647.92,1964.1,198.391921,55.783088
2026-01-13 10:00:00,1915.7,1117.800048,2412.08,1960.98,332.913696,60.62363
2026-01-13 11:00:00,1633.85,1106.199951,2278.3,1961.12,471.71286,53.762077
2026-01-13 12:00:00,1467.08,1093.300048,2278.05,1959.55,519.315063,56.677852
2026-01-13 13:00:00,2040.32,1079.199951,2196.55,1958.95,479.827697,51.895668
2026-01-13 14:00:00,2182.92,1064.0,2385.18,1957.7,268.428192,54.415325
2026-01-13 15:00:00,3114.18,1047.900024,2695.38,1957.92,54.763565,56.032749
2026-01-13 16:00:00,3438.68,1030.900024,2808.8,1957.95,1.335228,59.238727
2026-01-13 17:00:00,2954.2,1013.200012,2737.15,1958.9,1.342887,63.662742
2026-01-13 18:00:00,2806.38,994.900024,2702.78,1959.3,0.833497,67.870368
2026-01-13 19:00:00,2130.42,976.200012,2365.08,1960.75,0.414919,70.562171
2026-01-13 20:00:00,1545.28,957.099975,2231.5,1961.7,0.202132,60.830986
2026-01-13 21:00:00,544.12,937.700012,1862.28,1963.32,0.048802,58.383335
2026-01-13 22:00:00,367.08,918.299987,1086.85,1964.55,0,66.193771
2026-01-13 23:00:00,235.4,1133.0,897.38,1964.02,0,75.056526
2026-01-14 00:00:00,55.8,1125.199951,824.55,1963.95,0,74.104835
2026-01-14 01:00:00,55.8,1117.0,563.95,1964.85,0,67.790802
2026-01-14 02:00:00,53.55,1108.400024,690.55,1964.52,0,66.692146
2026-01-14 03:00:00,86.12,1099.400024,652.38,1964.32,0,70.034111
2026-01-14 04:00:00,253.45,1090.0,802.35,1963.95,0,71.545997
2026-01-14 05:00:00,634.25,1080.199951,1206.12,1961.88,0,65.592315
2026-01-14 06:00:00,1996.45,1070.0,2205.35,1960.58,0,59.112384
2026-01-14 07:00:00,2541.85,1059.400024,2149.62,1960.0,19.744266,58.30561
2026-01-14 08:00:00,2053.4,1048.5,2330.45,1960.85,165.900283,41.659076
2026-01-14 09:00:00,1356.98,1037.199951,1890.05,1962.05,438.013732,33.223911
2026-01-14 10:00:00,651.8,1025.5,1763.0,1963.0,669.057128,29.613212
2026-01-14 11:00:00,330.58,1013.5,880.5,1962.65,754.007263,19.132225
2026-01-14 12:00:00,346.02,1001.099975,974.12,1961.5,700.919616,12.480969
2026-01-14 13:00:00,536.6,988.400024,1641.12,1960.1,541.483093,9.194315
2026-01-14 14:00:00,1609.52,975.400024,2045.0,1958.92,295.369201,8.205355
2026-01-14 15:00:00,2771.52,962.299987,2517.72,1958.68,79.100013,14.254968
2026-01-14 16:00:00,3499.75,948.900024,2543.6,1958.9,2.115573,15.885414
2026-01-14 17:00:00,3447.28,935.5,2984.12,1960.3,1.898152,20.994247
2026-01-14 18:00:00,3087.72,922.0,2985.15,1960.6,1.238467,25.014135
2026-01-14 19:00:00,1466.95,908.400024,2584.48,1961.05,0.735973,33.858707
2026-01-14 20:00:00,1041.88,894.900024,2179.88,1961.18,0.445564,42.480091
2026-01-14 21:00:00,482.1,881.400024,1129.62,1963.48,0.249382,44.547576
2026-01-14 22:00:00,249.15,868.0,817.92,1963.68,0.113558,43.839897
2026-01-14 23:00:00,136.22,1050.199951,369.25,1963.68,0.084166,43.835987
2026-01-15 00:00:00,54.6,1049.199951,269.58,1963.400000,0,45.400863
2026-01-15 01:00:00,67.98,1047.800048,261.62,1963.950000,0,36.563583
2026-01-15 02:00:00,65.72,1046.000000,356.65,1963.780000,0,35.709903
2026-01-15 03:00:00,61.72,1043.800048,463.82,1963.850000,0,34.480369
2026-01-15 04:00:00,214.82,1041.099975,670.35,1961.400000,0,27.480154
2026-01-15 05:00:00,542.82,1037.699951,1529.2,1960.250000,0,29.661649
2026-01-15 06:00:00,1751.58,1033.699951,2611.3,1959.450000,0,41.156982
2026-01-15 07:00:00,2115.15,1028.900024,3055.22,1959.420000,25.771652,33.57666
2026-01-15 08:00:00,1678.82,1023.299987,3003.95,1960.180000,179.261734,31.21787
2026-01-15 09:00:00,1367.35,1016.900024,2643.05,1963.280000,435.848388,35.048431
2026-01-15 10:00:00,1025.58,1009.400024,2216.75,1960.220000,725.33142,30.117568
2026-01-15 11:00:00,440.7,1001.000000,1148.25,1958.620000,854.287414,31.632217
2026-01-15 12:00:00,340.38,991.500000,1179.02,1954.600000,814.979492,31.375211
2026-01-15 13:00:00,550.35,981.000000,1637.1,1955.0,632.966674,32.216812
2026-01-15 14:00:00,1067.0,969.599975,2283.3,1955.05,340.126037,34.12265
2026-01-15 15:00:00,1900.08,957.299987,3020.9,1953.95,73.468971,44.309593
2026-01-15 16:00:00,2720.92,944.400024,3070.02,1954.88,2.542798,47.593288
2026-01-15 17:00:00,2179.42,930.900024,2923.42,1956.32,2.360251,47.986522
2026-01-15 18:00:00,1822.42,916.799987,2840.08,1958.48,1.57979,44.082889
2026-01-15 19:00:00,1571.18,902.299987,2661.42,1959.9,1.032516,46.739395
2026-01-15 20:00:00,1041.65,887.500000,2264.25,1961.78,0.657425,49.122768
2026-01-15 21:00:00,341.82,872.400024,1298.3,1963.48,0.423276,53.811191
2026-01-15 22:00:00,90.32,857.200012,801.42,1963.28,0.275751,55.650882
2026-01-15 23:00:00,39.6,1055.400024,801.18,1965.5,0.166859,54.05764
2026-01-16 00:00:00,38.98,1054.5,578.05,1965.58,0.072702,51.427864
2026-01-16 01:00:00,38.8,1053.099975,669.45,1965.38,0,47.35445
2026-01-16 02:00:00,40.78,1051.099975,596.42,1965.35,0,51.401733
2026-01-16 03:00:00,51.55,1048.599975,687.35,1964.38,0,55.238182
2026-01-16 04:00:00,228.98,1045.400024,943.3,1963.5,0,56.566799
2026-01-16 05:00:00,910.2,1041.599975,1708.18,1961.72,0,45.652835
2026-01-16 06:00:00,2553.92,1037.099975,2829.3,1960.78,0.032772,43.498962
2026-01-16 07:00:00,3235.62,1031.800048,2978.7,1961.78,27.468164,34.691333
2026-01-16 08:00:00,2997.7,1025.699951,2858.0,1962.82,190.015991,34.435165
2026-01-16 09:00:00,2111.85,1018.799987,2561.58,1964.78,405.09909,28.936706
2026-01-16 10:00:00,1159.18,1011.0,2137.78,1966.62,623.444702,24.103103
2026-01-16 11:00:00,636.78,1002.299987,1147.45,1964.3,713.877075,17.730731
2026-01-16 12:00:00,562.88,992.599975,929.55,1963.68,707.272766,15.106988
2026-01-16 13:00:00,671.55,982.0,1610.4,1964.05,524.126037,10.98855
2026-01-16 14:00:00,992.25,970.599975,2425.7,1963.75,244.951309,12.361069
2026-01-16 15:00:00,2011.9,958.5,2697.78,1963.02,62.459472,22.130975
2026-01-16 16:00:00,2463.55,945.700012,3058.7,1962.38,1.863719,32.717559
2026-01-16 17:00:00,2322.52,932.400024,2890.4,1962.75,1.690007,34.758468
2026-01-16 18:00:00,1760.52,918.5,2623.25,1963.42,1.058404,21.267526
2026-01-16 19:00:00,725.95,904.299987,1904.7,1962.9,0.659907,13.492732
2026-01-16 20:00:00,240.68,889.700012,900.45,1963.82,0.390096,8.002817
2026-01-16 21:00:00,116.7,874.799987,516.0,1964.55,0.222641,8.011045
2026-01-16 22:00:00,123.48,859.700012,505.08,1965.22,0.135153,7.479422
2026-01-16 23:00:00,77.05,896.099975,490.6,1965.02,0.07961,8.710077
2026-01-17 00:00:00,53.18,883.200012,321.32,1965.4,0,6.424802
2026-01-17 01:00:00,41.12,870.200012,307.15,1964.75,0,6.835223
2026-01-17 02:00:00,40.05,857.099975,237.3,1965.32,0,9.068365
2026-01-17 03:00:00,40.2,844.099975,198.12,1965.28,0,13.453051
2026-01-17 04:00:00,37.55,831.200012,241.4,1964.3,0,14.94269
2026-01-17 05:00:00,157.25,818.299987,530.42,1962.42,0,19.423503
2026-01-17 06:00:00,564.65,805.700012,649.55,1963.0,0,25.788423
2026-01-17 07:00:00,629.52,793.400024,797.32,1963.3,31.888185,35.271133
2026-01-17 08:00:00,691.22,781.299987,727.3,1962.78,181.043395,38.055557
2026-01-17 09:00:00,180.0,769.599975,553.05,1963.68,367.596832,49.83348
2026-01-17 10:00:00,106.500000,758.299987,304.6,1964.02,520.964355,35.212459
2026-01-17 11:00:00,44.620000,747.5,185.98,1963.58,554.141357,35.208812
2026-01-17 12:00:00,29.750000,737.200012,257.02,1963.68,491.862487,33.721714
2026-01-17 13:00:00,89.700000,727.400024,370.0,1963.32,417.3013,26.479701
2026-01-17 14:00:00,203.800000,718.299987,518.82,1962.1,231.427291,23.313714
2026-01-17 15:00:00,627.200000,709.700012,1280.9,1962.7,62.404529,18.407482
2026-01-17 16:00:00,1053.600000,701.700012,1930.52,1961.38,1.544446,17.22013
2026-01-17 17:00:00,1234.480000,694.400024,2204.75,1961.92,1.359879,13.721271
2026-01-17 18:00:00,1075.950000,687.700012,1605.55,1962.1,0.851763,26.147186
2026-01-17 19:00:00,286.780000,681.700012,815.48,1962.1,0.542403,23.864446
2026-01-17 20:00:00,158.320000,676.400024,657.72,1963.0,0.344293,32.930885
2026-01-17 21:00:00,85.220000,671.799987,320.18,1962.9,0.222274,48.263343
2026-01-17 22:00:00,51.720000,667.900024,296.9,1964.72,0.119619,44.877185
2026-01-17 23:00:00,45.150000,669.5,245.5,1964.02,0.026616,54.078655
2026-01-18 00:00:00,48.980000,666.200012,190.58,1964.980000,0,42.585948
2026-01-18 01:00:00,53.520000,663.799987,192.42,1964.820000,0,29.407379
2026-01-18 02:00:00,40.280000,662.200012,198.48,1965.250000,0,23.485776
2026-01-18 03:00:00,23.600000,661.500000,180.45,1964.000000,0,24.838701
2026-01-18 04:00:00,26.800000,661.599975,186.1,1963.350000,0,22.739044
2026-01-18 05:00:00,81.980000,662.700012,237.9,1962.650000,0,21.122041
2026-01-18 06:00:00,116.650000,664.700012,396.3,1963.700000,0,21.224613
2026-01-18 07:00:00,244.980000,667.700012,474.58,1755.280000,16.844087,21.381038
2026-01-18 08:00:00,257.050000,671.700012,523.25,1617.580000,108.69384,24.730552
2026-01-18 09:00:00,253.680000,676.799987,400.08,1655.580000,241.104446,19.673391
2026-01-18 10:00:00,210.680000,682.900024,330.78,1706.650000,368.136962,24.971414
2026-01-18 11:00:00,181.300000,690.099975,382.42,1760.720000,437.985229,41.939865
2026-01-18 12:00:00,154.400000,698.400024,301.48,1816.750000,435.998596,24.003896
2026-01-18 13:00:00,143.48,707.700012,400.6,1860.72,343.339355,15.063125
2026-01-18 14:00:00,263.98,718.099975,450.6,1885.35,188.518997,13.724246
2026-01-18 15:00:00,320.12,729.299987,604.0,1937.58,44.433677,16.685678
2026-01-18 16:00:00,454.5,741.400024,930.42,1963.68,1.067875,22.220134
2026-01-18 17:00:00,542.72,754.299987,919.75,1962.92,0.804646,22.035017
2026-01-18 18:00:00,677.68,767.799987,847.15,1963.28,0.419234,25.310794
2026-01-18 19:00:00,310.4,782.000000,678.02,1962.28,0.193485,25.041149
2026-01-18 20:00:00,110.98,796.700012,522.7,1963.15,0.05775,20.296152
2026-01-18 21:00:00,39.72,811.900024,400.25,1964.4,0,19.497289
2026-01-18 22:00:00,78.45,827.500000,232.05,1964.82,0,17.727516
2026-01-18 23:00:00,38.72,699.5,267.2,1965.15,0,19.037437
2026-01-19 00:00:00,29.42,702.5,258.02,1964.72,0,27.845716
2026-01-19 01:00:00,27.6,706.099975,201.38,1965.3,0,33.577907
2026-01-19 02:00:00,31.7,710.400024,172.28,1965.5,0,31.979087
2026-01-19 03:00:00,41.88,715.400024,185.5,1964.28,0,32.659973
2026-01-19 04:00:00,219.05,721.299987,504.15,1962.75,0,19.62079
2026-01-19 05:00:00,758.42,728.099975,1201.28,1961.35,0,11.399162
2026-01-19 06:00:00,1714.92,735.799987,2429.35,1960.55,0,13.002375
2026-01-19 07:00:00,1675.65,744.5,2123.7,1960.3,24.372766,10.823814
2026-01-19 08:00:00,1749.95,754.299987,2097.42,1960.58,157.420501,10.726921
2026-01-19 09:00:00,1022.8,765.099975,1832.28,1961.7,348.757232,8.088296
2026-01-19 10:00:00,848.3,777.200012,1431.72,1962.65,522.533569,5.772159
2026-01-19 11:00:00,291.7,790.5,969.8,1962.88,620.676269,7.932254
2026-01-19 12:00:00,440.0,805.0,1030.12,1962.55,606.316406,8.658816
2026-01-19 13:00:00,461.0,820.599975,1355.98,1962.42,466.214782,8.332613
2026-01-19 14:00:00,1376.62,837.299987,2003.25,1962.38,247.326705,7.710147
2026-01-19 15:00:00,2772.2,854.799987,2525.95,1962.55,58.981426,8.93539
2026-01-19 16:00:00,3122.0,873.099975,2401.68,1962.88,1.862617,10.848371
2026-01-19 17:00:00,2622.18,891.900024,1768.18,1963.02,1.272911,11.474342
2026-01-19 18:00:00,1378.0,911.200012,1861.3,1963.25,0.770139,14.587099
2026-01-19 19:00:00,872.7,930.799987,1830.95,1963.38,0.468564,16.597957
2026-01-19 20:00:00,718.02,950.599975,1454.3,1964.58,0.252714,16.256294
2026-01-19 21:00:00,176.02,970.5,769.48,1963.95,0.070938,15.070779
2026-01-19 22:00:00,170.58,990.200012,559.78,1965.25,0.005782,20.672182
2026-01-19 23:00:00,101.85,866.400024,443.95,1965.05,0,31.983844
2026-01-20 00:00:00,59.15,870.900024,326.22,1965.48,0,32.205513
2026-01-20 01:00:00,59.6,875.400024,317.92,1965.2,0,27.740524
2026-01-20 02:00:00,57.12,879.799987,240.72,1964.78,0,24.533317
2026-01-20 03:00:00,81.68,884.200012,338.88,1964.92,0,29.148935
2026-01-20 04:00:00,287.65,888.599975,670.28,1963.35,0,32.940895
2026-01-20 05:00:00,1578.3,892.900024,1849.0,1962.2,0,24.975214
2026-01-20 06:00:00,3136.78,897.299987,2754.22,1961.9,0,17.539264
2026-01-20 07:00:00,3189.98,901.599975,2860.02,1964.32,35.249916,17.158956
2026-01-20 08:00:00,2907.3,905.799987,2692.12,1965.62,204.205352,13.185886
2026-01-20 09:00:00,1162.58,910.099975,1602.72,1962.78,445.197204,14.432358
2026-01-20 10:00:00,332.92,914.400024,994.48,1962.35,665.535156,20.644075
2026-01-20 11:00:00,232.72,918.599975,870.7,1963.0,779.618347,21.182353
2026-01-20 12:00:00,202.92,922.799987,792.35,1962.1,775.769592,17.626855
2026-01-20 13:00:00,451.52,927.099975,1033.28,1962.82,608.48352,17.269756
2026-01-20 14:00:00,2104.28,931.299987,2518.28,1962.68,327.095092,12.119399
2026-01-20 15:00:00,2865.45,935.5,2891.58,1961.28,84.505363,12.051328
2026-01-20 16:00:00,3158.88,939.599975,3069.52,1962.0,3.339266,11.710417
2026-01-20 17:00:00,1669.3,943.799987,2756.78,1962.58,1.869089,14.291638
2026-01-20 18:00:00,1391.0,947.900024,2627.55,1962.6,1.188471,20.750907
2026-01-20 19:00:00,1286.65,951.900024,2406.95,1962.65,0.729633,22.567312
2026-01-20 20:00:00,817.28,955.900024,1698.2,1963.32,0.425048,23.954856
2026-01-20 21:00:00,309.98,959.900024,1003.65,1964.55,0.236836,26.637725
2026-01-20 22:00:00,248.78,963.799987,592.75,1965.15,0.121763,25.122013
2026-01-20 23:00:00,56.3,934.299987,570.3,1965.12,0.059088,21.150871
2026-01-21 00:00:00,39.38,933.0,381.92,1965.62,0,12.661309
2026-01-21 01:00:00,36.35,931.700012,261.4,1965.25,0,13.176339
2026-01-21 02:00:00,35.55,930.5,243.8,1965.5,0,14.958212
2026-01-21 03:00:00,72.88,929.400024,526.1,1964.5,0,21.757143
2026-01-21 04:00:00,474.9,928.599975,857.58,1963.35,0,16.859649
2026-01-21 05:00:00,1326.22,927.900024,1854.35,1962.75,0,9.117779
2026-01-21 06:00:00,2914.1,927.599975,2836.35,1962.25,0.011251,7.944669
2026-01-21 07:00:00,3758.18,927.5,3010.4,1962.45,37.967807,13.569784
2026-01-21 08:00:00,2665.55,927.799987,2846.92,1962.58,215.064346,10.506756
2026-01-21 09:00:00,2211.78,928.5,2490.12,1963.75,495.186614,7.51519
2026-01-21 10:00:00,1122.9,929.700012,2153.52,1963.82,724.336853,5.920058
2026-01-21 11:00:00,682.95,931.299987,1662.45,1964.2,844.717468,5.055377
2026-01-21 12:00:00,884.88,933.5,1475.35,1963.1,831.423095,4.72132
2026-01-21 13:00:00,1245.78,936.099975,2126.2,1963.55,662.235534,4.897425
2026-01-21 14:00:00,2353.45,939.299987,2429.2,1962.72,376.919219,7.843407
2026-01-21 15:00:00,2896.38,942.799987,2832.52,1961.15,102.205574,7.854088
2026-01-21 16:00:00,3083.58,946.700012,2948.58,1961.08,5.389557,9.375002
2026-01-21 17:00:00,3222.35,950.900024,2943.45,1961.35,2.136013,12.136507
2026-01-21 18:00:00,3060.45,955.400024,2913.65,1961.88,1.388627,10.767231
2026-01-21 19:00:00,2768.48,960.200012,2723.9,1961.32,0.827821,11.111096
2026-01-21 20:00:00,1663.6,965.200012,2617.95,1962.95,0.538922,15.962574
2026-01-21 21:00:00,1145.62,970.400024,2025.85,1964.75,0.353545,13.378719
2026-01-21 22:00:00,851.85,975.700012,1498.65,1965.42,0.215874,14.843206
2026-01-21 23:00:00,365.82,1037.300048,995.42,1966.08,0.135366,12.942625
2026-01-22 00:00:00,211.32,1039.699951,813.5,1966.28,0.011824,14.124618
2026-01-22 01:00:00,145.5,1042.0,806.82,1965.6,0,17.67521
2026-01-22 02:00:00,129.68,1044.199951,741.28,1966.48,0,11.707882
2026-01-22 03:00:00,304.88,1046.199951,721.85,1965.82,0,11.300319
2026-01-22 04:00:00,505.48,1048.199951,1086.75,1964.6,0,6.345674
2026-01-22 05:00:00,1418.3,1050.0,2127.6,1962.2,0.02284,6.851827
2026-01-22 06:00:00,2940.35,1051.699951,2866.08,1961.65,0,5.001846
2026-01-22 07:00:00,3176.42,1053.099975,2975.48,1961.4,35.03284,3.243087
2026-01-22 08:00:00,3006.3,1054.5,2611.58,1960.48,188.502441,1.080506
2026-01-22 09:00:00,2325.38,1055.599975,2317.42,1961.92,394.017089,1.692344
2026-01-22 10:00:00,1395.25,1056.5,1948.55,1962.55,566.33496,1.462707
2026-01-22 11:00:00,1101.7,1057.199951,1527.28,1963.05,641.374267,5.846105
2026-01-22 12:00:00,1110.88,1057.599975,1658.1,1956.82,616.206298,5.866632
2026-01-22 13:00:00,1761.05,1057.900024,2096.6,1961.32,483.040588,6.268159
2026-01-22 14:00:00,2129.08,1057.900024,2584.22,1960.55,292.984252,5.122033
2026-01-22 15:00:00,2647.8,1057.699951,2707.18,1961.32,97.426971,5.558336
2026-01-22 16:00:00,2869.82,1057.199951,2836.75,1961.6,4.04381,6.710558
2026-01-22 17:00:00,3045.0,1056.599975,2839.7,1961.75,1.482228,4.019993
2026-01-22 18:00:00,2919.15,1055.699951,2735.38,1962.05,0.96644,2.475351
2026-01-22 19:00:00,2618.28,1054.5,2600.35,1962.62,0.575656,3.698101
2026-01-22 20:00:00,1951.7,1053.199951,2371.3,1963.95,0.318145,5.924727
2026-01-22 21:00:00,1105.7,1051.599975,2125.85,1965.32,0.154942,5.543909
2026-01-22 22:00:00,698.05,1049.800048,1337.65,1965.22,0.047041,6.205347
2026-01-22 23:00:00,535.45,1082.699951,757.42,1965.62,0.001682,7.142943
2026-01-23 00:00:00,415.5,1080.0,647.05,1965.75,0,7.150644
2026-01-23 01:00:00,296.92,1076.900024,597.62,1965.22,0,10.105182
2026-01-23 02:00:00,282.45,1073.599975,635.8,1965.48,0,20.899021
2026-01-23 03:00:00,378.58,1069.900024,683.6,1964.38,0,27.697036
2026-01-23 04:00:00,532.68,1066.0,857.6,1963.08,0,27.210842
2026-01-23 05:00:00,1427.0,1061.800048,2190.2,1960.95,0,27.689092
2026-01-23 06:00:00,2789.35,1057.300048,2800.1,1961.25,0,23.542833
2026-01-23 07:00:00,3213.08,1052.599975,3004.32,1961.92,36.892139,24.353656
2026-01-23 08:00:00,3139.12,1047.5,2944.12,1962.92,180.077407,18.312595
2026-01-23 09:00:00,2567.52,1042.199951,2713.12,1962.98,358.209259,17.372083
2026-01-23 10:00:00,2202.7,1036.699951,2163.55,1963.55,508.206787,21.527236
2026-01-23 11:00:00,1248.85,1030.900024,2028.25,1962.9,577.258483,24.736547
2026-01-23 12:00:00,1191.28,1024.800048,2017.58,1963.1,543.106811,20.401166
2026-01-23 13:00:00,1893.75,1018.5,2051.52,1963.3,426.75415,13.379137
2026-01-23 14:00:00,2465.48,1011.900024,2493.0,1962.52,225.520553,9.878184
2026-01-23 15:00:00,3119.02,1005.099975,2716.55,1962.42,66.731971,9.744382
2026-01-23 16:00:00,3034.68,998.099975,2717.3,1960.92,2.595128,10.633539
2026-01-23 17:00:00,2918.2,990.799987,2781.35,1962.05,1.176135,9.035521
2026-01-23 18:00:00,2609.88,983.200012,2698.78,1962.45,0.724004,6.967543
2026-01-23 19:00:00,1883.02,975.400024,2192.35,1963.08,0.401224,7.408138
2026-01-23 20:00:00,1317.05,967.400024,2071.35,1963.92,0.207301,18.074129
2026-01-23 21:00:00,575.65,959.200012,1129.95,1965.42,0.089925,22.29145
2026-01-23 22:00:00,405.82,950.700012,691.88,1965.8,0.007111,18.244308
2026-01-23 23:00:00,262.38,944.700012,636.38,1965.65,0,12.338398
2026-01-24 00:00:00,155.72,932.700012,449.45,1964.7,0,15.300628
2026-01-24 01:00:00,121.42,920.400024,252.92,1965.55,0,14.256024
2026-01-24 02:00:00,121.15,908.0,115.92,1965.58,0,12.543204
2026-01-24 03:00:00,116.88,895.5,168.68,1964.88,0,9.820199
2026-01-24 04:00:00,75.78,882.799987,343.2,1964.0,0,6.301525
2026-01-24 05:00:00,234.35,870.0,554.7,1963.15,0,6.93859
2026-01-24 06:00:00,277.65,857.200012,882.62,1962.2,0,7.096693
2026-01-24 07:00:00,946.7,844.299987,1604.68,1963.3,26.988405,11.703315
2026-01-24 08:00:00,967.45,831.5,1733.15,1963.5,139.899734,12.163409
2026-01-24 09:00:00,691.78,818.599975,1880.35,1963.92,267.000549,17.470375
2026-01-24 10:00:00,515.18,805.799987,1433.7,1963.68,382.56311,21.293214
2026-01-24 11:00:00,207.15,793.200012,687.42,1963.92,442.569641,20.224893
2026-01-24 12:00:00,148.88,780.599975,538.5,1963.42,429.099884,15.287116
2026-01-24 13:00:00,190.72,768.200012,719.95,1962.1,317.745452,10.140422
2026-01-24 14:00:00,379.3,756.099975,894.6,1961.78,195.571502,5.321099
2026-01-24 15:00:00,629.4,744.200012,1266.42,1961.5,60.809909,3.461267
2026-01-24 16:00:00,1295.88,732.799987,2095.85,1961.15,1.685286,2.849294
2026-01-24 17:00:00,991.65,721.700012,1637.3,1961.75,0.755856,4.66182
2026-01-24 18:00:00,476.82,711.099975,1260.22,1961.58,0.430136,5.555526
2026-01-24 19:00:00,368.82,701.099975,1063.85,1961.92,0.191414,3.003425
2026-01-24 20:00:00,100.78,691.599975,698.95,1962.12,0.120471,4.405513
2026-01-24 21:00:00,80.6,682.900024,375.4,1963.58,0.042409,7.88062
2026-01-24 22:00:00,60.75,674.799987,245.98,1964.28,0,7.976919
2026-01-24 23:00:00,37.98,658.599975,333.4,1964.05,0,12.614297
2026-01-25 00:00:00,55.98,652.099975,151.58,1964.9,0,15.39038
2026-01-25 01:00:00,55.75,646.400024,160.25,1965.32,0,4.81756
2026-01-25 02:00:00,47.7,641.799987,106.22,1964.9,0,3.6591
2026-01-25 03:00:00,54.05,638.200012,162.5,1964.55,0,5.320164
2026-01-25 04:00:00,52.5,635.700012,175.15,1964.02,0,4.972483
2026-01-25 05:00:00,61.5,634.400024,210.7,1962.58,0,6.57555
2026-01-25 06:00:00,73.95,634.299987,391.55,1962.05,0,7.782802
2026-01-25 07:00:00,157.8,635.5,670.58,1962.22,25.924295,11.783773
2026-01-25 08:00:00,165.8,638.0,873.95,1963.15,150.128631,5.424215
2026-01-25 09:00:00,63.02,641.900024,647.62,1963.3,327.006439,3.153598
2026-01-25 10:00:00,76.85,647.299987,404.12,1964.5,509.437194,2.412815
2026-01-25 11:00:00,46.75,654.200012,330.9,1964.42,633.922973,0.871952
2026-01-25 12:00:00,26.15,662.700012,263.72,1962.85,622.140014,0.846072
2026-01-25 13:00:00,26.85,672.700012,385.98,1962.05,508.15155,1.696505
2026-01-25 14:00:00,145.25,684.099975,398.02,1961.3,300.984863,3.509706
2026-01-25 15:00:00,211.32,696.700012,457.8,1961.5,107.613479,5.507914
2026-01-25 16:00:00,233.92,710.5,773.6,1961.98,5.333617,9.883213
2026-01-25 17:00:00,418.22,725.400024,1181.92,1963.05,1.770409,6.711051
2026-01-25 18:00:00,457.3,741.200012,1248.6,1963.82,1.087994,14.715878
2026-01-25 19:00:00,205.1,757.799987,972.02,1963.08,0.695954,12.441811
2026-01-25 20:00:00,65.52,775.299987,541.5,1963.6,0.439652,5.834273
2026-01-25 21:00:00,48.85,793.299987,351.38,1964.55,0.304592,4.988864
2026-01-25 22:00:00,48.02,811.900024,193.2,1964.18,0.205208,3.053137
2026-01-25 23:00:00,39.98,742.599975,190.4,1965.12,0.154009,5.32473
2026-01-26 00:00:00,39.92,753.0,262.18,1965.48,0.07756,9.848619
2026-01-26 01:00:00,39.9,764.0,264.8,1965.5,0.007495,15.403889
2026-01-26 02:00:00,39.9,775.5,248.35,1964.92,0,18.51185
2026-01-26 03:00:00,37.8,787.400024,176.58,1964.18,0,20.049661
2026-01-26 04:00:00,163.32,799.799987,387.1,1961.62,0,12.454916
2026-01-26 05:00:00,367.92,812.599975,1002.28,1960.78,0.0549,9.499678
2026-01-26 06:00:00,1944.38,825.799987,2166.28,1960.52,0.135748,12.968292
2026-01-26 07:00:00,3561.7,839.5,2948.2,1959.32,24.260715,15.555211
2026-01-26 08:00:00,3499.28,853.5,2693.7,1958.98,134.458023,11.458297
2026-01-26 09:00:00,2801.02,867.799987,2258.7,1959.58,292.267578,10.83873
2026-01-26 10:00:00,2114.28,882.5,2225.15,1958.8,474.850067,11.375615
2026-01-26 11:00:00,1132.25,897.5,1721.95,1958.9,676.444702,11.580476
2026-01-26 12:00:00,987.08,912.900024,1735.4,1959.5,706.213562,10.748229
2026-01-26 13:00:00,971.3,928.400024,1421.12,1958.68,604.817504,12.039392
2026-01-26 14:00:00,1584.08,944.099975,2111.12,1958.12,370.90866,16.201713
2026-01-26 15:00:00,2271.85,959.900024,2261.38,1958.38,112.347091,15.990193
2026-01-26 16:00:00,2695.95,975.700012,2622.08,1958.0,4.515158,11.656874
2026-01-26 17:00:00,3314.9,991.5,2591.28,1958.95,1.753173,10.681223
2026-01-26 18:00:00,2754.52,1007.200012,2211.52,1960.65,1.100243,9.82098
2026-01-26 19:00:00,1129.65,1022.700012,2037.02,1961.4,0.605668,15.719458
2026-01-26 20:00:00,240.55,1038.0,1157.98,1962.52,0.317289,16.357463
2026-01-26 21:00:00,64.82,1053.0,482.05,1965.02,0.175012,18.926368
2026-01-26 22:00:00,77.28,1067.5,377.95,1965.42,0.065533,23.818252
2026-01-26 23:00:00,67.95,942.700012,282.8,1964.45,0,33.09663
2026-01-27 00:00:00,39.52,939.5,226.48,1965.68,0,41.7294
2026-01-27 01:00:00,33.42,936.200012,181.5,1965.8,0,51.419853
2026-01-27 02:00:00,38.05,933.0,241.85,1965.7,0,53.461997
2026-01-27 03:00:00,57.15,929.799987,282.22,1963.62,0,59.251724
2026-01-27 04:00:00,250.58,926.799987,663.18,1962.62,0,63.609428
2026-01-27 05:00:00,1369.08,924.099975,1265.88,1962.65,0,69.519241
2026-01-27 06:00:00,3622.3,921.799987,2655.35,1962.52,0.483957,66.926322
2026-01-27 07:00:00,3557.82,919.900024,2891.5,1964.55,68.806022,74.883369
2026-01-27 08:00:00,3201.6,918.700012,2312.58,1966.6,303.936492,83.20623
2026-01-27 09:00:00,1554.55,918.099975,1841.1,1964.18,588.178466,75.019889
2026-01-27 10:00:00,462.05,918.200012,1050.65,1964.12,703.651977,75.921447
2026-01-27 11:00:00,185.85,919.200012,510.32,1964.2,631.153869,76.362876
2026-01-27 12:00:00,250.0,921.200012,646.15,1962.05,427.483917,65.556594
2026-01-27 13:00:00,292.22,924.0,1046.75,1961.6,266.994873,79.627395
2026-01-27 14:00:00,1094.28,927.599975,2032.0,1961.72,144.73175,75.180831
2026-01-27 15:00:00,2415.0,932.0,2241.05,1960.98,41.422485,74.09864
2026-01-27 16:00:00,2609.35,937.0,2395.02,1961.25,1.546714,67.035881
2026-01-27 17:00:00,2350.65,942.599975,2243.4,1961.6,1.39316,54.373569
2026-01-27 18:00:00,2149.2,948.700012,2173.0,1962.32,0.81522,52.938484
2026-01-27 19:00:00,1172.75,955.299987,1949.9,1962.68,0.5289,49.421573
2026-01-27 20:00:00,354.85,962.299987,1031.65,1963.6,0.27934,41.12001
2026-01-27 21:00:00,63.85,969.599975,481.25,1964.0,0.16331,33.326904
2026-01-27 22:00:00,70.5,977.099975,398.1,1964.22,0.060406,35.250244
2026-01-27 23:00:00,58.15,961.099975,178.32,1963.68,0.020787,26.079998
2026-01-28 00:00:00,51.7,963.599975,169.32,1964.02,0,18.529233
2026-01-28 01:00:00,50.7,966.299987,118.7,1964.6,0,16.462921
2026-01-28 02:00:00,51.7,969.099975,134.82,1965.02,0,16.096364
2026-01-28 03:00:00,62.25,972.0,171.02,1964.48,0,14.424079
2026-01-28 04:00:00,145.42,974.900024,458.48,1962.5,0,12.221386
2026-01-28 05:00:00,343.5,977.900024,1114.88,1961.2,0,7.119752
2026-01-28 06:00:00,1249.45,980.900024,2158.98,1959.62,0.010067,4.761232
2026-01-28 07:00:00,2455.42,983.900024,2737.8,1961.08,24.162191,2.470023
2026-01-28 08:00:00,3146.55,986.799987,3001.05,1960.72,95.777008,2.164481
2026-01-28 09:00:00,2759.5,989.799987,2657.92,1960.8,157.474014,2.756549
2026-01-28 10:00:00,2459.35,992.599975,2406.0,1960.88,193.370834,2.551424
2026-01-28 11:00:00,1562.72,995.400024,2081.68,1960.9,206.004089,2.473615
2026-01-28 12:00:00,1470.45,998.099975,1938.3,1959.42,179.947723,2.528724
2026-01-28 13:00:00,1411.28,1000.700012,2087.88,1958.85,142.046157,3.314396
2026-01-28 14:00:00,2434.98,1003.099975,2199.22,1960.0,90.215942,4.525154
2026-01-28 15:00:00,2210.32,1005.5,2371.6,1961.18,30.946239,5.601577
2026-01-28 16:00:00,2680.58,1007.799987,2404.0,1962.62,0.256267,6.413205
2026-01-28 17:00:00,2966.9,1010.099975,2478.9,1962.98,0,6.611041
2026-01-28 18:00:00,1759.45,1012.200012,2166.7,1962.35,0,7.159615
2026-01-28 19:00:00,316.72,1014.299987,1109.98,1963.28,0,8.042469
2026-01-28 20:00:00,75.32,1016.400024,593.0,1963.55,0,8.973652
2026-01-28 21:00:00,57.48,1018.299987,380.25,1965.05,0,9.535828
2026-01-28 22:00:00,64.62,1020.299987,338.68,1964.75,0,12.712527
2026-01-28 23:00:00,58.5,1020.299987,267.18,1964.42,0,14.959884
2026-01-29 00:00:00,37.45,1020.900024,216.45,1964.28,0,12.844762
2026-01-29 01:00:00,87.38,1021.599975,805.25,1963.98,0,14.062639
2026-01-29 02:00:00,58.3,1022.299987,683.95,1963.92,0,15.654926
2026-01-29 03:00:00,53.48,1023.099975,180.42,1963.22,0,18.351961
2026-01-29 04:00:00,155.38,1023.799987,539.25,1962.28,0,16.813098
2026-01-29 05:00:00,650.02,1024.599975,1201.98,1960.9,0,12.25356
2026-01-29 06:00:00,2823.5,1025.599975,2287.45,1960.92,0,10.116722
2026-01-29 07:00:00,3541.22,1026.599975,2916.52,1960.38,21.595478,8.181644
2026-01-29 08:00:00,3721.28,1027.699951,3091.18,1961.32,132.738159,6.01238
2026-01-29 09:00:00,3628.12,1028.900024,2852.32,1963.1,311.574493,3.876028
2026-01-29 10:00:00,3224.75,1030.400024,2287.9,1960.6,493.343872,2.448428
2026-01-29 11:00:00,2638.75,1031.900024,1930.45,1959.3,604.33551,2.43081
2026-01-29 12:00:00,1648.75,1033.699951,1700.55,1955.38,609.203735,2.710884
2026-01-29 13:00:00,980.7,1035.599975,1757.1,1957.15,509.928863,2.486115
2026-01-29 14:00:00,2320.92,1037.599975,2018.9,1955.52,328.317565,2.80378
2026-01-29 15:00:00,3402.65,1039.599975,2183.72,1957.02,129.059585,2.831265
2026-01-29 16:00:00,3316.3,1041.699951,2446.38,1957.9,9.183231,2.700917
2026-01-29 17:00:00,2963.38,1043.699951,2312.45,1958.32,1.319976,2.279838
2026-01-29 18:00:00,2438.5,1045.699951,2171.45,1959.52,0.798218,1.418162
2026-01-29 19:00:00,810.55,1047.5,1442.32,1959.38,0.380521,1.956878
2026-01-29 20:00:00,142.15,1049.099975,662.88,1961.3,0.128146,5.093216
2026-01-29 21:00:00,99.65,1050.599975,368.2,1962.38,0.032502,6.541392
2026-01-29 22:00:00,64.02,1051.800048,252.38,1964.0,0,9.513254
2026-01-29 23:00:00,47.65,989.099975,231.28,1964.25,0,13.065002
2026-01-30 00:00:00,45.58,983.0,206.58,1963.78,0,18.90349
2026-01-30 01:00:00,36.42,976.799987,144.6,1963.9,0,21.465427
2026-01-30 02:00:00,34.38,970.299987,133.05,1963.4,0,23.556371
2026-01-30 03:00:00,66.85,963.799987,214.2,1961.82,0,25.723257
2026-01-30 04:00:00,272.6,957.099975,532.42,1962.0,0,36.205856
2026-01-30 05:00:00,517.95,950.299987,915.52,1960.4,0,38.91212
2026-01-30 06:00:00,1539.78,943.400024,1800.1,1960.45,0,36.350017
2026-01-30 07:00:00,2669.02,936.5,2556.88,1960.9,32.594306,33.720748
2026-01-30 08:00:00,2363.68,929.599975,2321.52,1961.75,134.648971,37.171756
2026-01-30 09:00:00,1605.32,922.599975,1778.42,1962.3,231.687744,41.032085
2026-01-30 10:00:00,1914.05,915.599975,2009.68,1961.28,291.93753,34.932605
2026-01-30 11:00:00,707.8,908.700012,1285.42,1962.55,319.830261,33.910949
2026-01-30 12:00:00,578.78,901.799987,1303.3,1962.55,321.67279,30.25559
2026-01-30 13:00:00,552.12,894.900024,1158.2,1962.82,303.067413,28.476766
2026-01-30 14:00:00,858.6,888.099975,1024.0,1962.72,232.583007,18.921077
2026-01-30 15:00:00,1228.92,881.299987,1390.2,1961.58,105.534973,19.0053
2026-01-30 16:00:00,1776.32,874.599975,2131.68,1962.08,8.563849,16.809831
2026-01-30 17:00:00,1926.58,867.900024,2025.38,1962.3,0.505501,16.555469
2026-01-30 18:00:00,1605.15,861.299987,1873.62,1961.9,0.217229,22.068147
2026-01-30 19:00:00,977.55,854.799987,1256.05,1961.98,0.042167,18.613256
2026-01-30 20:00:00,239.92,848.299987,731.55,1962.42,0,27.833255
2026-01-30 21:00:00,185.22,841.799987,746.08,1963.78,0,32.118167
2026-01-30 22:00:00,146.92,835.5,652.98,1963.3,0,25.970369
2026-01-30 23:00:00,45.82,839.5,515.35,1963.38,0,15.662268
2026-01-31 00:00:00,35.48,833.0,429.52,1963.35,0,11.097005
2026-01-31 01:00:00,33.92,826.599975,241.72,1963.1,0,7.964833
2026-01-31 02:00:00,35.0,820.200012,292.8,1963.75,0,8.112751
2026-01-31 03:00:00,46.15,813.900024,260.98,1963.28,0,6.176631
2026-01-31 04:00:00,48.6,807.700012,246.82,1961.18,0,4.843595
2026-01-31 05:00:00,41.58,801.5,375.25,1961.05,0,4.086911
2026-01-31 06:00:00,486.65,795.400024,800.1,1961.68,0.12325,3.632968
2026-01-31 07:00:00,534.18,789.299987,751.6,1962.1,41.469142,3.22753
2026-01-31 08:00:00,407.65,783.400024,850.08,1961.48,185.990509,3.195883
2026-01-31 09:00:00,150.08,777.5,460.08,1962.2,365.225158,3.664742
2026-01-31 10:00:00,137.68,771.700012,176.3,1962.58,504.541778,3.078063
2026-01-31 11:00:00,67.3,766.099975,171.58,1962.78,568.813964,0.894508
2026-01-31 12:00:00,63.32,760.5,225.28,1963.5,551.697326,1.485236
2026-01-31 13:00:00,56.9,755.0,210.28,1962.9,442.952575,2.937952
2026-01-31 14:00:00,78.75,749.700012,341.25,1963.05,268.797424,3.562285
2026-01-31 15:00:00,108.08,744.5,640.38,1963.45,91.283874,3.764228
2026-01-31 16:00:00,535.82,739.5,857.68,1961.82,6.875366,3.171442
2026-01-31 17:00:00,689.3,734.599975,946.55,1962.92,1.079701,2.967036
2026-01-31 18:00:00,609.28,730.0,916.05,1963.15,0.62248,2.436129
2026-01-31 19:00:00,367.3,725.5,656.68,1963.28,0.323879,1.924947
2026-01-31 20:00:00,88.48,721.299987,463.45,1964.25,0.165452,2.290725
2026-01-31 21:00:00,45.88,717.299987,305.52,1965.15,0.054765,2.425954
2026-01-31 22:00:00,94.9,713.5,359.58,1965.58,0.017249,2.52061
2026-01-31 23:00:00,59.5,684.400024,277.2,1965.38,0,3.001564
